Maturity, Type, Strike, Price(S2842.74)
2019/12,p,2500,0.0365
2019/12,c,2500,0.4176
2019/12,p,2550,0.0469
2019/12,c,2550,0.3794
2019/12,p,2600,0.0590
2019/12,c,2600,0.3472
2019/12,p,2650,0.0738
2019/12,c,2650,0.3140
2019/12,p,2700,0.0904
2019/12,c,2700,0.2748
2019/12,p,2750,0.1100
2019/12,c,2750,0.2442
2019/12,p,2800,0.1326
2019/12,c,2800,0.2170
2019/12,p,2850,0.1558
2019/12,c,2850,0.1914
2019/12,p,2900,0.1812
2019/12,c,2900,0.1680
2019/12,p,2950,0.2091
2019/12,c,2950,0.1467
2019/12,p,3000,0.2386
2019/12,c,3000,0.1275
2019/12,p,3100,0.3054
2019/12,c,3100,0.0944
2019/12,p,3200,0.3791
2019/12,c,3200,0.0686
2019/12,p,3300,0.4580
2019/12,c,3300,0.0508
